{
  "roc_auc": 0.7666493284287185,
  "pr_auc": 0.30014732399078353,
  "data_sha256": "264e920c7170f51cc2d118bac05f625f88e4a867a759ec005865f62ef78d7f07"
}